{"score": 0.2284955084323883, "stio": 0.19962482522599304, "wer": 32.0489, "_timestamp": 1685015136.3000062, "_runtime": 4705.305837154388, "_step": 144, "_wandb": {"runtime": 4716}}