{"score": 0.17510457336902618, "stio": 0.7906538322467946, "wer": 86.34920000000001, "_timestamp": 1685018720.4683983, "_runtime": 3144.8147163391113, "_step": 104}