{"score": 0.47210487723350525, "stio": 0.22408196093686428, "wer": 4.49676, "_timestamp": 1685022223.6267207, "_runtime": 6647.973038673401, "_step": 224, "_wandb": {"runtime": 6646}}